Symbol,Date,Prev Close,Open Price,High Price,Low Price,Last Price,Close Price
APOLLOHOSP,2-Nov-17,1033.85,1029.2,1045,1029,1034.45,1032.85
APOLLOHOSP,3-Nov-17,1032.85,1030,1044,1016.1,1018,1022.7
APOLLOHOSP,6-Nov-17,1022.7,1016,1022.45,1010,1011.8,1012.25
APOLLOHOSP,7-Nov-17,1012.25,1020,1020.9,1001,1003.75,1003.05
APOLLOHOSP,8-Nov-17,1003.05,1009.9,1009.9,975.55,987,989
APOLLOHOSP,9-Nov-17,989,996,1000,987.8,997,995.7
APOLLOHOSP,10-Nov-17,995.7,995,1016.8,994.7,1003,1000.25
APOLLOHOSP,13-Nov-17,1000.25,1008.85,1019,983.15,998,996.65
APOLLOHOSP,14-Nov-17,996.65,999,1012.2,957.15,993.95,985.95
APOLLOHOSP,15-Nov-17,985.95,991,1002.35,990,999,997.75
APOLLOHOSP,16-Nov-17,997.75,1007.1,1026.75,998,1023,1022.05
APOLLOHOSP,17-Nov-17,1022.05,1027.4,1067,1023.8,1050.5,1054.85
APOLLOHOSP,20-Nov-17,1054.85,1058.4,1063.3,1037.55,1053.3,1059.6
APOLLOHOSP,21-Nov-17,1059.6,1068.55,1128,1060,1106.6,1107.8
APOLLOHOSP,22-Nov-17,1107.8,1110,1157,1110,1155,1149.5
APOLLOHOSP,23-Nov-17,1149.5,1149,1149,1125.85,1136.75,1139.55
APOLLOHOSP,24-Nov-17,1139.55,1130,1153,1121,1143.3,1145.2
APOLLOHOSP,27-Nov-17,1145.2,1135.15,1140,1118.1,1136,1132
APOLLOHOSP,28-Nov-17,1132,1132.4,1167.15,1091,1102,1109.2
APOLLOHOSP,29-Nov-17,1109.2,1103,1121.6,1097.3,1105.9,1106.1
APOLLOHOSP,30-Nov-17,1106.1,1110,1124,1085.35,1116,1106.3
APOLLOHOSP,1-Dec-17,1106.3,1117.95,1153.1,1116.1,1145.3,1148.25
APOLLOHOSP,4-Dec-17,1148.25,1147,1164.3,1130.6,1155,1156.45
APOLLOHOSP,5-Dec-17,1156.45,1156.45,1179.9,1143.15,1163,1166.1
APOLLOHOSP,6-Dec-17,1166.1,1156.5,1165,1147,1160,1154.5
APOLLOHOSP,7-Dec-17,1154.5,1150.5,1175.6,1150,1170.9,1172.5
APOLLOHOSP,8-Dec-17,1172.5,1182,1194,1173.05,1190,1190.7
APOLLOHOSP,11-Dec-17,1190.7,1190,1209,1186,1193.9,1190.1
APOLLOHOSP,12-Dec-17,1190.1,1199.85,1201.95,1176.4,1188.8,1190.2
APOLLOHOSP,13-Dec-17,1190.2,1188.8,1192.85,1174,1180.05,1183.6
APOLLOHOSP,14-Dec-17,1183.6,1183.95,1210,1183.95,1206,1206.9
APOLLOHOSP,15-Dec-17,1206.9,1206.9,1214.95,1178.55,1196.8,1198.1
APOLLOHOSP,18-Dec-17,1198.1,1198.5,1200.8,1161.75,1172,1172.85
APOLLOHOSP,19-Dec-17,1172.85,1173.5,1188,1156.1,1178,1174.7
APOLLOHOSP,20-Dec-17,1174.7,1178,1190.4,1168.5,1177.7,1173.65
APOLLOHOSP,21-Dec-17,1173.65,1176.65,1202.25,1161.3,1193.2,1193.35
APOLLOHOSP,22-Dec-17,1193.35,1195,1208,1174.65,1179.75,1178.55
APOLLOHOSP,26-Dec-17,1178.55,1180,1192.9,1168.4,1176.1,1179.6
APOLLOHOSP,27-Dec-17,1179.6,1187,1203,1176.1,1202.95,1200.05
APOLLOHOSP,28-Dec-17,1200.05,1201.2,1242,1200,1230,1232.25
APOLLOHOSP,29-Dec-17,1232.25,1230,1230,1200.15,1205,1204.8
APOLLOHOSP,1-Jan-18,1204.8,1216,1216,1199.1,1208,1202.55
APOLLOHOSP,2-Jan-18,1202.55,1205,1212,1186.5,1189,1191.95
APOLLOHOSP,3-Jan-18,1191.95,1195,1203.95,1173,1174.1,1176.5
APOLLOHOSP,4-Jan-18,1176.5,1185,1188.45,1156.75,1163,1160.1
APOLLOHOSP,5-Jan-18,1160.1,1168,1199,1160,1195.15,1196.3
APOLLOHOSP,8-Jan-18,1196.3,1192,1209,1175.1,1183,1180.7
APOLLOHOSP,9-Jan-18,1180.7,1189,1190.75,1170,1177,1172.35
APOLLOHOSP,10-Jan-18,1172.35,1174,1180,1158.9,1172,1172.15
APOLLOHOSP,11-Jan-18,1172.15,1175.75,1194,1170,1172.6,1172.4
APOLLOHOSP,12-Jan-18,1172.4,1178.45,1182.65,1160,1161.3,1163.35
APOLLOHOSP,15-Jan-18,1163.35,1175.8,1182.35,1167.85,1179.75,1179.45
APOLLOHOSP,16-Jan-18,1179.45,1184,1184,1138.65,1140,1147.2
APOLLOHOSP,17-Jan-18,1147.2,1140,1143.3,1118.35,1125.1,1125.7
APOLLOHOSP,18-Jan-18,1125.7,1132,1134.5,1106.05,1115,1116.45
APOLLOHOSP,19-Jan-18,1116.45,1116,1144,1115.9,1140,1139.4
APOLLOHOSP,22-Jan-18,1139.4,1148,1172,1141.95,1171,1168.8
APOLLOHOSP,23-Jan-18,1168.8,1173,1175,1142.05,1147,1146.5
APOLLOHOSP,24-Jan-18,1146.5,1146.5,1152.2,1105.9,1107,1110.8
APOLLOHOSP,25-Jan-18,1110.8,1117,1138.5,1108,1135.5,1133.7
APOLLOHOSP,29-Jan-18,1133.7,1144,1148,1127,1135,1138.7
APOLLOHOSP,30-Jan-18,1138.7,1136,1148.95,1119,1140,1140.05
APOLLOHOSP,31-Jan-18,1140.05,1135,1173.85,1135,1162,1162.8
APOLLOHOSP,1-Feb-18,1162.8,1165,1224.55,1160.3,1218,1218.55
APOLLOHOSP,2-Feb-18,1218.55,1209.95,1209.95,1140,1155.55,1156.95
APOLLOHOSP,5-Feb-18,1156.95,1144.5,1160.8,1125.85,1142,1129.55
APOLLOHOSP,6-Feb-18,1129.55,1114,1158.4,1086.35,1140,1140.9
APOLLOHOSP,7-Feb-18,1140.9,1159.7,1159.7,1121.9,1135,1132.7
APOLLOHOSP,8-Feb-18,1132.7,1132,1157.05,1115.8,1135,1131.8
APOLLOHOSP,9-Feb-18,1131.8,1110,1132.25,1108.05,1123,1122.7
APOLLOHOSP,12-Feb-18,1122.7,1122,1165,1120.05,1158,1151.55
APOLLOHOSP,14-Feb-18,1151.55,1160,1200,1160,1192.55,1191.8
APOLLOHOSP,15-Feb-18,1191.8,1191.8,1215.9,1160.55,1205,1207.95
APOLLOHOSP,16-Feb-18,1207.95,1235,1244.2,1122,1142.1,1141.85
APOLLOHOSP,19-Feb-18,1141.85,1152,1194.8,1148,1186,1186.2
APOLLOHOSP,20-Feb-18,1186.2,1180,1215.95,1179.95,1194,1199.25
APOLLOHOSP,21-Feb-18,1199.25,1192,1219,1176,1215,1211.2
APOLLOHOSP,22-Feb-18,1211.2,1195,1250,1195,1250,1246.45
APOLLOHOSP,23-Feb-18,1246.45,1245,1245,1218.55,1235,1231.6
APOLLOHOSP,26-Feb-18,1231.6,1235,1263.4,1226.6,1236.5,1235.55
APOLLOHOSP,27-Feb-18,1235.55,1246.7,1246.7,1192.7,1195.05,1196.7
APOLLOHOSP,28-Feb-18,1196.7,1190.2,1209.1,1180.35,1200,1203.05
APOLLOHOSP,1-Mar-18,1203.05,1200.5,1210,1180.75,1181,1183.5
APOLLOHOSP,5-Mar-18,1183.5,1184.65,1196.6,1161.65,1167.95,1167.9
APOLLOHOSP,6-Mar-18,1167.9,1170.1,1189,1145,1150.7,1160.8
APOLLOHOSP,7-Mar-18,1160.8,1165.7,1183,1135.25,1158,1152.35
APOLLOHOSP,8-Mar-18,1152.35,1150,1172.4,1143.45,1164.95,1162.7
APOLLOHOSP,9-Mar-18,1162.7,1173.7,1173.7,1145.8,1147.95,1149.05
APOLLOHOSP,12-Mar-18,1149.05,1152,1153.4,1114.2,1129,1129.65
APOLLOHOSP,13-Mar-18,1129.65,1130,1130.5,1090,1096.5,1095.9
APOLLOHOSP,14-Mar-18,1095.9,1087.7,1095.8,1082.95,1092.85,1090.15
APOLLOHOSP,15-Mar-18,1090.15,1092,1115.5,1087.6,1092.4,1096
APOLLOHOSP,16-Mar-18,1096,1094.95,1096.25,1065,1076,1071.65
APOLLOHOSP,19-Mar-18,1071.65,1073,1080.4,1037.2,1061.8,1056.2
APOLLOHOSP,20-Mar-18,1056.2,1056,1059.7,1041.1,1043,1042.8
APOLLOHOSP,21-Mar-18,1042.8,1049,1080,1026,1030,1028.45
APOLLOHOSP,22-Mar-18,1028.45,1028,1033.5,1013.3,1026.3,1022.3
APOLLOHOSP,23-Mar-18,1022.3,1011.65,1016.05,1003,1006.65,1008.35
APOLLOHOSP,26-Mar-18,1008.35,1009,1018.65,993.4,1006,1005.05
APOLLOHOSP,27-Mar-18,1005.05,1008.2,1042.35,1008.05,1028,1029.85
APOLLOHOSP,28-Mar-18,1029.85,1030,1071.1,1020,1056.25,1064.65
APOLLOHOSP,2-Apr-18,1064.65,1066,1104.95,1056,1095.55,1098.2
APOLLOHOSP,3-Apr-18,1098.2,1092,1125,1084,1088,1095.85
APOLLOHOSP,4-Apr-18,1095.85,1095.85,1104.05,1061,1064.2,1066.95
APOLLOHOSP,5-Apr-18,1066.95,1075,1091.6,1075,1082.6,1083.7
APOLLOHOSP,6-Apr-18,1083.7,1085.75,1101,1071.6,1074,1076.3
APOLLOHOSP,9-Apr-18,1076.3,1098,1098,1056,1066,1061.1
APOLLOHOSP,10-Apr-18,1061.1,1070,1098,1051.6,1085.7,1086.3
APOLLOHOSP,11-Apr-18,1086.3,1097.7,1118.55,1086.7,1111,1109.55
APOLLOHOSP,12-Apr-18,1109.55,1115,1118.65,1071.45,1079.25,1076
APOLLOHOSP,13-Apr-18,1076,1085.1,1088,1071,1081.65,1082.35
APOLLOHOSP,16-Apr-18,1082.35,1082.4,1104.35,1069.3,1095.9,1093.8
APOLLOHOSP,17-Apr-18,1093.8,1093,1094,1076.65,1082,1083.45
APOLLOHOSP,18-Apr-18,1083.45,1090,1091,1071,1076,1076.1
APOLLOHOSP,19-Apr-18,1076.1,1084,1126.9,1080,1126.7,1122
APOLLOHOSP,20-Apr-18,1122,1128.5,1143.9,1108.85,1132.9,1134
APOLLOHOSP,23-Apr-18,1134,1130.1,1148,1121.65,1128,1132.2
APOLLOHOSP,24-Apr-18,1132.2,1133,1133,1101,1109.95,1106.85
APOLLOHOSP,25-Apr-18,1106.85,1114.7,1114.7,1075,1089.5,1088.25
APOLLOHOSP,26-Apr-18,1088.25,1097,1097,1064.25,1080,1076.9
APOLLOHOSP,27-Apr-18,1076.9,1080,1081.95,1066,1072.4,1072.4
APOLLOHOSP,30-Apr-18,1072.4,1070.25,1099,1070.25,1090,1091
APOLLOHOSP,2-May-18,1091,1097,1098,1079,1079,1080.05
APOLLOHOSP,3-May-18,1080.05,1075,1080,1060.9,1068.65,1069.3
APOLLOHOSP,4-May-18,1069.3,1070,1111,1061.35,1100.3,1101.4
APOLLOHOSP,7-May-18,1101.4,1091.5,1093.5,1055.05,1080.9,1080.9
APOLLOHOSP,8-May-18,1080.9,1088,1088,1065.85,1068.35,1071.6
APOLLOHOSP,9-May-18,1071.6,1072.8,1073.75,1041.6,1045.1,1045.5
APOLLOHOSP,10-May-18,1045.5,1042,1052.95,1020,1030.8,1024.15
APOLLOHOSP,11-May-18,1024.15,1033,1052.55,1012.5,1050,1044.9
APOLLOHOSP,14-May-18,1044.9,1038.05,1048.9,1020,1024,1023.7
APOLLOHOSP,15-May-18,1023.7,1030,1049.7,1024,1036.9,1041.8
APOLLOHOSP,16-May-18,1041.8,1035,1041.8,1020,1029,1029.45
APOLLOHOSP,17-May-18,1029.45,1031,1038,1010,1021,1017.8
APOLLOHOSP,18-May-18,1017.8,1018.7,1034.9,1011.1,1017,1016.65
APOLLOHOSP,21-May-18,1016.65,1016,1019.05,977,981.25,983.5
APOLLOHOSP,22-May-18,983.5,978,983.45,957,968.8,968.3
APOLLOHOSP,23-May-18,968.3,968.5,983.2,957,962.65,963.95
APOLLOHOSP,24-May-18,963.95,964.7,974.6,946.4,966.7,966.55
APOLLOHOSP,25-May-18,966.55,972,1004.85,955.05,991,993.9
APOLLOHOSP,28-May-18,993.9,1004,1004,970,984,985.15
APOLLOHOSP,29-May-18,985.15,972.8,1017.9,964.65,1008.75,1004.9
APOLLOHOSP,30-May-18,1004.9,1000,1010.25,979.3,982.7,987.65
APOLLOHOSP,31-May-18,987.65,998.5,1003.8,943.8,947.5,950.35
APOLLOHOSP,1-Jun-18,950.35,950.55,960.8,918.25,931,927.1
APOLLOHOSP,4-Jun-18,927.1,941,948,915.2,940.6,941.15
APOLLOHOSP,5-Jun-18,941.15,943,950,924.8,940,939.8
APOLLOHOSP,6-Jun-18,939.8,944.95,947.65,927.6,933,930.1
APOLLOHOSP,7-Jun-18,930.1,933.4,975.5,933.4,975,970.75
APOLLOHOSP,8-Jun-18,970.75,965,1030.35,963.75,1022,1018.4
APOLLOHOSP,11-Jun-18,1018.4,1025,1028.6,993.5,995,999.4
APOLLOHOSP,12-Jun-18,999.4,999.5,1015,978.6,988,982.4
APOLLOHOSP,13-Jun-18,982.4,992,1001.2,971.7,975,975.2
APOLLOHOSP,14-Jun-18,975.2,978.9,978.9,961.35,968.5,969.9
APOLLOHOSP,15-Jun-18,969.9,969.9,1041.6,969.9,1038,1033.25
APOLLOHOSP,18-Jun-18,1033.25,1042.7,1076.2,1040,1052,1052.95
APOLLOHOSP,19-Jun-18,1052.95,1046,1069,1029.05,1062,1060.2
APOLLOHOSP,20-Jun-18,1060.2,1057.5,1076.4,1043.1,1047.5,1048.15
APOLLOHOSP,21-Jun-18,1048.15,1048.15,1053.35,1018.05,1024,1023.9
APOLLOHOSP,22-Jun-18,1023.9,1029.6,1032.5,1005,1022.95,1021.45
APOLLOHOSP,25-Jun-18,1021.45,1023,1052.55,1019.55,1028,1031.6
APOLLOHOSP,26-Jun-18,1031.6,1028,1043.95,1016.55,1024.95,1022.4
APOLLOHOSP,27-Jun-18,1022.4,1027.5,1027.5,1011.55,1013.35,1020.45
APOLLOHOSP,28-Jun-18,1020.45,1022.8,1022.8,1000,1020,1012.4
APOLLOHOSP,29-Jun-18,1012.4,1014,1056.35,1006.35,1053.85,1047.45
APOLLOHOSP,2-Jul-18,1047.45,1063,1069,1036.3,1063,1064.5
APOLLOHOSP,3-Jul-18,1064.5,1070,1073.3,1047.25,1069.95,1063.8
APOLLOHOSP,4-Jul-18,1063.8,1053.15,1085,1053,1080.5,1081.9
APOLLOHOSP,5-Jul-18,1081.9,1082,1089.5,1036.15,1047.55,1048.15
APOLLOHOSP,6-Jul-18,1048.15,1059,1064.75,1009,1018,1016.75
APOLLOHOSP,9-Jul-18,1016.75,1025,1029.95,989.55,1004,1000.05
APOLLOHOSP,10-Jul-18,1000.05,1004.1,1015.95,991.6,1012.5,1008.55
APOLLOHOSP,11-Jul-18,1008.55,1014,1014.45,992.75,997,998.9
APOLLOHOSP,12-Jul-18,998.9,1000.05,1028.2,997,999.1,1000.65
APOLLOHOSP,13-Jul-18,1000.65,1008,1008,967.4,972.35,974.85
APOLLOHOSP,16-Jul-18,974.85,977,977.75,935,937.25,940.7
APOLLOHOSP,17-Jul-18,940.7,937.3,982.2,920,982.2,977.3
APOLLOHOSP,18-Jul-18,977.3,986.7,993.9,958,967,969.7
APOLLOHOSP,19-Jul-18,969.7,969.7,971,937,948,953.95
APOLLOHOSP,20-Jul-18,953.95,948,959.65,925.15,934.8,929.55
APOLLOHOSP,23-Jul-18,929.55,933,959.95,911.2,956.8,953.75
APOLLOHOSP,24-Jul-18,953.75,958,958,930.8,940,939.4
APOLLOHOSP,25-Jul-18,939.4,944,955.85,934.2,940,939.8
APOLLOHOSP,26-Jul-18,939.8,938,945.7,930,938.3,937.35
APOLLOHOSP,27-Jul-18,937.35,945,945.1,930.05,933.6,933.85
APOLLOHOSP,30-Jul-18,933.85,940,941,910.1,935.9,931.45
APOLLOHOSP,31-Jul-18,931.45,945,961.9,937.55,953.35,951.9
APOLLOHOSP,1-Aug-18,951.9,958,963,944,944.3,952.9
APOLLOHOSP,2-Aug-18,952.9,942.45,967,938,962,960.55
APOLLOHOSP,3-Aug-18,960.55,962.1,978,956.45,968.65,970.5
APOLLOHOSP,6-Aug-18,970.5,971,988,968.65,981.35,981.3
APOLLOHOSP,7-Aug-18,981.3,989.5,989.5,961,965,967.35
APOLLOHOSP,8-Aug-18,967.35,964.7,975,956.15,974,971.75
APOLLOHOSP,9-Aug-18,971.75,968.95,983,960,963.6,963.55
APOLLOHOSP,10-Aug-18,963.55,963.5,988.85,938.25,939.95,943.9
APOLLOHOSP,13-Aug-18,943.9,948,1087.3,945,1065.05,1068.6
APOLLOHOSP,14-Aug-18,1068.6,1062,1140,1046.25,1128.7,1131.2
APOLLOHOSP,16-Aug-18,1131.2,1125,1152.7,1107.4,1141.55,1140.5
APOLLOHOSP,17-Aug-18,1140.5,1140,1209.5,1131,1185.85,1189.2
APOLLOHOSP,20-Aug-18,1189.2,1186,1221.5,1180,1196.05,1201.15
APOLLOHOSP,21-Aug-18,1201.15,1190,1205,1172.05,1183.1,1181.85
APOLLOHOSP,23-Aug-18,1181.85,1191.6,1199.1,1141.45,1143.1,1147.55
APOLLOHOSP,24-Aug-18,1147.55,1150,1205.8,1149,1196,1197.7
APOLLOHOSP,27-Aug-18,1197.7,1199,1209.95,1181.7,1194.25,1196.8
APOLLOHOSP,28-Aug-18,1196.8,1199.4,1199.4,1160,1172.2,1172.75
APOLLOHOSP,29-Aug-18,1172.75,1183,1226.75,1180.2,1197.1,1193.45
APOLLOHOSP,30-Aug-18,1193.45,1197.2,1234.4,1183.35,1191,1192.2
APOLLOHOSP,31-Aug-18,1192.2,1201.1,1201.1,1174.05,1178.55,1182.7
APOLLOHOSP,3-Sep-18,1182.7,1191.85,1201.3,1163.65,1175,1173.35
APOLLOHOSP,4-Sep-18,1173.35,1182.85,1188.9,1150.9,1173,1179.6
APOLLOHOSP,5-Sep-18,1179.6,1179.6,1179.65,1123,1131.55,1135.75
APOLLOHOSP,6-Sep-18,1135.75,1145,1158,1108.05,1110.2,1117.7
APOLLOHOSP,7-Sep-18,1117.7,1117.5,1164.5,1096.35,1158.55,1159.2
APOLLOHOSP,10-Sep-18,1159.2,1160.85,1175.15,1121.05,1124.95,1130.5
APOLLOHOSP,11-Sep-18,1130.5,1137.05,1137.05,1092,1095.05,1108.4
APOLLOHOSP,12-Sep-18,1108.4,1110.1,1122,1091.8,1106,1104.85
APOLLOHOSP,14-Sep-18,1104.85,1113.6,1123,1108.85,1116.65,1116.7
APOLLOHOSP,17-Sep-18,1116.7,1116.4,1123,1104.05,1119.25,1119.2
APOLLOHOSP,18-Sep-18,1119.2,1120,1136,1113.4,1122,1119.9
APOLLOHOSP,19-Sep-18,1119.9,1125,1133.7,1061.5,1067.1,1070.9
APOLLOHOSP,21-Sep-18,1070.9,1078,1084.45,996.75,1047,1044.25
APOLLOHOSP,24-Sep-18,1044.25,1047,1054.65,1007.75,1019.5,1017
APOLLOHOSP,25-Sep-18,1017,1017,1053.9,1010.25,1043.5,1046.1
APOLLOHOSP,26-Sep-18,1046.1,1049,1060,1032,1039,1043.3
APOLLOHOSP,27-Sep-18,1043.3,1041.5,1074.9,1025,1068.5,1067.55
APOLLOHOSP,28-Sep-18,1067.55,1059.2,1081,1036.9,1053.75,1042.25
APOLLOHOSP,1-Oct-18,1042.25,1032.4,1088.35,1025.25,1055.5,1064.05
APOLLOHOSP,3-Oct-18,1064.05,1059,1084.7,1045,1069.9,1071.3
APOLLOHOSP,4-Oct-18,1071.3,1051.65,1069.55,1035.2,1039.7,1047.2
APOLLOHOSP,5-Oct-18,1047.2,1039.7,1074,1035,1065.3,1057.2
APOLLOHOSP,8-Oct-18,1057.2,1048.4,1092.3,1037.9,1074.8,1081.9
APOLLOHOSP,9-Oct-18,1081.9,1082,1110.1,1065.3,1097,1098.7
APOLLOHOSP,10-Oct-18,1098.7,1091,1131.5,1089.1,1122,1122.7
APOLLOHOSP,11-Oct-18,1122.7,1091,1141,1085,1125.95,1121.15
APOLLOHOSP,12-Oct-18,1121.15,1125.6,1138.45,1104.05,1133.8,1132
APOLLOHOSP,15-Oct-18,1132,1131.9,1140,1113.9,1135,1133
APOLLOHOSP,16-Oct-18,1133,1131.8,1138,1101.65,1103.45,1109
APOLLOHOSP,17-Oct-18,1109,1120,1147.85,1112.55,1122.7,1123.7
APOLLOHOSP,19-Oct-18,1123.7,1111.5,1135.85,1101.1,1124.2,1121.45
APOLLOHOSP,22-Oct-18,1121.45,1126.3,1140,1110.5,1137.8,1132.6
APOLLOHOSP,23-Oct-18,1132.6,1132.6,1153.9,1124,1150,1143.45
APOLLOHOSP,24-Oct-18,1143.45,1150,1150,1111,1125,1126.4
APOLLOHOSP,25-Oct-18,1126.4,1110.35,1160.6,1071.7,1076.75,1109.6
APOLLOHOSP,26-Oct-18,1109.6,1092.55,1095.85,1067,1083,1082.85
APOLLOHOSP,29-Oct-18,1082.85,1083,1150,1083,1149.5,1142.85
APOLLOHOSP,30-Oct-18,1142.85,1134.15,1176,1130,1164,1166.6
APOLLOHOSP,31-Oct-18,1166.6,1167,1175,1130.15,1142,1141.05
APOLLOHOSP,1-Nov-18,1141.05,1143.7,1185,1143.1,1172.4,1172.4
APOLLOHOSP,2-Nov-18,1172.4,1178.3,1203.75,1138.5,1149.95,1153.8
APOLLOHOSP,5-Nov-18,1153.8,1150,1196.2,1150,1162.3,1164.55
APOLLOHOSP,6-Nov-18,1164.55,1164,1168.7,1121.15,1126.1,1127.35
APOLLOHOSP,7-Nov-18,1127.35,1133,1140,1125.1,1132,1131.7
APOLLOHOSP,9-Nov-18,1131.7,1132.9,1159.2,1130,1148.8,1148.8
APOLLOHOSP,12-Nov-18,1148.8,1148.8,1156.85,1126.15,1139,1136.75
APOLLOHOSP,13-Nov-18,1136.75,1144,1154.4,1112.25,1147,1143.6
APOLLOHOSP,14-Nov-18,1143.6,1150,1177.8,1143,1166.9,1168.05
APOLLOHOSP,15-Nov-18,1168.05,1201.9,1287,1180.1,1250.65,1262.1
APOLLOHOSP,16-Nov-18,1262.1,1250.65,1268,1226.25,1235,1233.5
APOLLOHOSP,19-Nov-18,1233.5,1235,1265,1215.4,1225.5,1225.05
APOLLOHOSP,20-Nov-18,1225.05,1227.2,1239.9,1188.55,1191,1192.8
APOLLOHOSP,21-Nov-18,1192.8,1200,1223,1198,1213,1213.35
APOLLOHOSP,22-Nov-18,1213.35,1207.3,1224,1195,1216,1214.25
APOLLOHOSP,26-Nov-18,1214.25,1222,1254.95,1215.55,1247.75,1250.15
APOLLOHOSP,27-Nov-18,1250.15,1255,1264,1225.45,1226.1,1233.2
APOLLOHOSP,28-Nov-18,1233.2,1226.1,1249.75,1222.25,1229.65,1231.45
APOLLOHOSP,29-Nov-18,1231.45,1231.15,1253.8,1225,1250,1245.85
APOLLOHOSP,30-Nov-18,1245.85,1250.2,1289.75,1250.2,1261,1264.8
APOLLOHOSP,3-Dec-18,1264.8,1265,1329.85,1261.45,1288.45,1292.2
APOLLOHOSP,4-Dec-18,1292.2,1288,1298.15,1235.15,1242,1243.55
APOLLOHOSP,5-Dec-18,1243.55,1235,1269,1214.75,1236,1231.2
APOLLOHOSP,6-Dec-18,1231.2,1234.5,1238.7,1180.2,1194.65,1188.9
APOLLOHOSP,7-Dec-18,1188.9,1193.2,1215.1,1167.3,1213,1209
APOLLOHOSP,10-Dec-18,1209,1190,1209.5,1168,1179.1,1176.6
APOLLOHOSP,11-Dec-18,1176.6,1175,1186.3,1144.75,1175,1179.8
APOLLOHOSP,12-Dec-18,1179.8,1182,1219.55,1182,1213,1215.5
APOLLOHOSP,13-Dec-18,1215.5,1215,1240,1210,1219.25,1222.15
APOLLOHOSP,14-Dec-18,1222.15,1228,1262,1221.6,1245.95,1248.3
APOLLOHOSP,17-Dec-18,1248.3,1246,1253,1210.1,1218.5,1217.05
APOLLOHOSP,18-Dec-18,1217.05,1219,1228,1200,1225.5,1226.1
APOLLOHOSP,19-Dec-18,1226.1,1228,1254.7,1215.05,1241.9,1244.7
APOLLOHOSP,20-Dec-18,1244.7,1237.9,1275,1232.05,1274.95,1267.55
APOLLOHOSP,21-Dec-18,1267.55,1273.9,1283.45,1244.05,1254,1252.4
APOLLOHOSP,24-Dec-18,1252.4,1260.65,1277.95,1233.55,1267.9,1269.35
APOLLOHOSP,26-Dec-18,1269.35,1264,1274,1237.85,1271,1264.15
APOLLOHOSP,27-Dec-18,1264.15,1277,1282.5,1235.7,1237.9,1242.8
APOLLOHOSP,28-Dec-18,1242.8,1243.05,1252.95,1225.1,1239,1241.85
APOLLOHOSP,31-Dec-18,1241.85,1236,1265,1230,1256,1258.3
APOLLOHOSP,1-Jan-19,1258.3,1253,1271,1250,1265,1266.4
APOLLOHOSP,2-Jan-19,1266.4,1268,1288,1251.8,1259,1258.75
APOLLOHOSP,3-Jan-19,1258.75,1258,1273,1254.05,1265,1266.65
APOLLOHOSP,4-Jan-19,1266.65,1259,1297.3,1259,1294.25,1293
APOLLOHOSP,7-Jan-19,1293,1299,1300,1275,1278.95,1282.1
APOLLOHOSP,8-Jan-19,1282.1,1281.9,1282,1245.55,1247,1249.5
APOLLOHOSP,9-Jan-19,1249.5,1256.25,1271,1249.5,1269.95,1267.4
APOLLOHOSP,10-Jan-19,1267.4,1263,1292.25,1256.75,1285,1285.4
APOLLOHOSP,11-Jan-19,1285.4,1286,1295.3,1269.25,1289.5,1292.7
APOLLOHOSP,14-Jan-19,1292.7,1289.8,1328.45,1282,1321.7,1322.6
APOLLOHOSP,15-Jan-19,1322.6,1323.35,1334.9,1317.2,1326.75,1329.15
APOLLOHOSP,16-Jan-19,1329.15,1328.2,1354,1328.1,1345.2,1347.6
APOLLOHOSP,17-Jan-19,1347.6,1344.9,1358.65,1341.25,1350,1352.95
APOLLOHOSP,18-Jan-19,1352.95,1350,1372.9,1335.05,1362,1366.3
APOLLOHOSP,21-Jan-19,1366.3,1366.3,1387.25,1315.55,1316.3,1326.05
APOLLOHOSP,22-Jan-19,1326.05,1316.1,1323,1288.5,1289.05,1293.8
APOLLOHOSP,23-Jan-19,1293.8,1296.9,1317,1284.05,1296.8,1293.85
APOLLOHOSP,24-Jan-19,1293.85,1310,1339.75,1294.2,1317.5,1314.65
APOLLOHOSP,25-Jan-19,1314.65,1321.2,1331.9,1280.85,1296.9,1292.3
APOLLOHOSP,28-Jan-19,1292.3,1287,1302.1,1262.65,1266,1265.8
APOLLOHOSP,29-Jan-19,1265.8,1259,1306.75,1254,1298,1299.65
APOLLOHOSP,30-Jan-19,1299.65,1299,1323,1297.5,1323,1319.6
APOLLOHOSP,31-Jan-19,1319.6,1315,1334,1313.35,1325,1325.65
APOLLOHOSP,1-Feb-19,1325.65,1320,1357.9,1320,1341,1341.25
APOLLOHOSP,4-Feb-19,1341.25,1335,1336.9,1278.5,1300,1296.75
APOLLOHOSP,5-Feb-19,1296.75,1300,1309.8,1282,1292.1,1290.85
APOLLOHOSP,6-Feb-19,1290.85,1298,1315,1287.9,1310,1304.05
APOLLOHOSP,7-Feb-19,1304.05,1304.05,1319,1290.1,1299.75,1295.85
APOLLOHOSP,8-Feb-19,1295.85,1298.5,1298.5,1252.1,1258.4,1257.85
APOLLOHOSP,11-Feb-19,1257.85,1300,1300,1090,1124.1,1121.9
APOLLOHOSP,12-Feb-19,1121.9,1133,1189.9,1101.1,1142,1132.25
APOLLOHOSP,13-Feb-19,1132.25,1154,1164.65,1135.35,1151,1149.8
APOLLOHOSP,14-Feb-19,1149.8,1155.5,1169.95,1126.85,1165,1152.35
APOLLOHOSP,15-Feb-19,1152.35,1142.1,1152.1,1130,1149.85,1142.8
APOLLOHOSP,18-Feb-19,1142.8,1143,1149.15,1083.1,1125,1116.85
APOLLOHOSP,19-Feb-19,1116.85,1125,1146.7,1112.1,1119,1116.4
APOLLOHOSP,20-Feb-19,1116.4,1127,1143.4,1120,1126.5,1129.6
APOLLOHOSP,21-Feb-19,1129.6,1135,1158,1127,1156,1152.2
APOLLOHOSP,22-Feb-19,1152.2,1145,1155.5,1139.6,1143.95,1146.2
APOLLOHOSP,25-Feb-19,1146.2,1145.9,1198,1131.4,1184,1187.45
APOLLOHOSP,26-Feb-19,1187.45,1175.6,1177.05,1148,1156.75,1157.35
APOLLOHOSP,27-Feb-19,1157.35,1166,1179.9,1140.7,1149,1149.3
APOLLOHOSP,28-Feb-19,1149.3,1155.05,1160,1137,1140,1140.9
APOLLOHOSP,1-Mar-19,1140.9,1140.1,1165.85,1140,1151.25,1151.85
APOLLOHOSP,5-Mar-19,1151.85,1159.8,1195,1146.8,1188.35,1191.9
APOLLOHOSP,6-Mar-19,1191.9,1186.9,1212.85,1183.5,1188.9,1192.75
APOLLOHOSP,7-Mar-19,1192.75,1195.35,1202,1179.3,1186,1186.95
APOLLOHOSP,8-Mar-19,1186.95,1186,1188.45,1167,1171.5,1171.9
APOLLOHOSP,11-Mar-19,1171.9,1172.5,1211.8,1172.5,1203.4,1204.05
APOLLOHOSP,12-Mar-19,1204.05,1211.9,1211.9,1132.7,1165,1157.25
APOLLOHOSP,13-Mar-19,1157.25,1160,1166.05,1092,1120,1117.6
APOLLOHOSP,14-Mar-19,1117.6,1123,1143.4,1116.1,1132.5,1131.95
APOLLOHOSP,15-Mar-19,1131.95,1138,1152.9,1110,1124.6,1124.15
APOLLOHOSP,18-Mar-19,1124.15,1126.4,1139.9,1115,1125,1119.65
APOLLOHOSP,19-Mar-19,1119.65,1121.85,1144.95,1121.85,1144.05,1139.9
APOLLOHOSP,20-Mar-19,1139.9,1147.7,1180.1,1135,1165,1166
APOLLOHOSP,22-Mar-19,1166,1173.25,1182.15,1144,1146.55,1150.6
APOLLOHOSP,25-Mar-19,1150.6,1149,1160.85,1134.45,1146,1147.05
APOLLOHOSP,26-Mar-19,1147.05,1146,1160,1138.95,1156,1151.9
APOLLOHOSP,27-Mar-19,1151.9,1163,1178.1,1150.05,1155,1153.75
APOLLOHOSP,28-Mar-19,1153.75,1154,1188,1154,1184.15,1182.95
APOLLOHOSP,29-Mar-19,1182.95,1195.4,1253.35,1188.95,1233,1227.6
APOLLOHOSP,1-Apr-19,1227.6,1231,1278.8,1226.5,1268,1269.5
APOLLOHOSP,2-Apr-19,1269.5,1269,1284,1248.65,1256,1255.3
APOLLOHOSP,3-Apr-19,1255.3,1259,1276.7,1255.25,1258,1259.75
APOLLOHOSP,4-Apr-19,1259.75,1262.95,1269,1249.05,1257.5,1256.25
APOLLOHOSP,5-Apr-19,1256.25,1268,1275,1236.05,1249,1245
APOLLOHOSP,8-Apr-19,1245,1249,1257.4,1230.55,1235.05,1237.1
APOLLOHOSP,9-Apr-19,1237.1,1242,1263,1226.1,1253.9,1259.55
APOLLOHOSP,10-Apr-19,1259.55,1253.2,1269.75,1240.3,1244,1246.25
APOLLOHOSP,11-Apr-19,1246.25,1240,1259.8,1235,1243,1240.4
APOLLOHOSP,12-Apr-19,1240.4,1247.7,1268.2,1231.6,1267,1264.3
APOLLOHOSP,15-Apr-19,1264.3,1270.6,1285.35,1265.1,1275,1271.4
APOLLOHOSP,16-Apr-19,1271.4,1271.25,1294.9,1271.05,1275,1275.2
APOLLOHOSP,18-Apr-19,1275.2,1274,1279.9,1255.8,1271,1271.6
APOLLOHOSP,22-Apr-19,1271.6,1269,1269,1219,1233,1232.05
APOLLOHOSP,23-Apr-19,1232.05,1233,1254,1229.8,1248,1242.9
APOLLOHOSP,24-Apr-19,1242.9,1242.9,1268.7,1222,1229.4,1228.8
APOLLOHOSP,25-Apr-19,1228.8,1232,1259.8,1230.05,1245.05,1246.25
APOLLOHOSP,26-Apr-19,1246.25,1243,1254.9,1226.3,1235.1,1239.2
APOLLOHOSP,30-Apr-19,1239.2,1239.8,1248,1205.1,1220,1216.5
APOLLOHOSP,2-May-19,1216.5,1217,1224.9,1153.8,1194.55,1194.55
APOLLOHOSP,3-May-19,1194.55,1194.55,1212.55,1183.3,1196.8,1199.3
APOLLOHOSP,6-May-19,1199.3,1170.35,1205.85,1170.35,1185.1,1190.3
APOLLOHOSP,7-May-19,1190.3,1195.5,1199.1,1152.35,1174,1164.95
APOLLOHOSP,8-May-19,1164.95,1156,1183.6,1152,1169.05,1170.3
APOLLOHOSP,9-May-19,1170.3,1165,1199,1157.1,1176.1,1169.6
APOLLOHOSP,10-May-19,1169.6,1176.15,1196.5,1167.65,1192.05,1186.55
APOLLOHOSP,13-May-19,1186.55,1186.95,1192.95,1161.2,1172.35,1172.3
APOLLOHOSP,14-May-19,1172.3,1175.9,1175.9,1130,1148,1142.5
APOLLOHOSP,15-May-19,1142.5,1148.2,1161,1147.05,1152.5,1156.45
APOLLOHOSP,16-May-19,1156.45,1161.9,1161.9,1112.15,1136.2,1136.45
APOLLOHOSP,17-May-19,1136.45,1136.45,1159.2,1132.3,1142.15,1141.2
APOLLOHOSP,20-May-19,1141.2,1158.05,1206.9,1158.05,1192,1198.3
APOLLOHOSP,21-May-19,1198.3,1196,1215,1165.1,1177.45,1172.7
APOLLOHOSP,22-May-19,1172.7,1177.7,1179,1154,1169.7,1162.95
APOLLOHOSP,23-May-19,1162.95,1193,1193,1143.35,1153.6,1150.1
APOLLOHOSP,24-May-19,1150.1,1159.75,1188.5,1155.5,1171,1170.5
APOLLOHOSP,27-May-19,1170.5,1177.5,1212.9,1175.15,1204.55,1198.8
APOLLOHOSP,28-May-19,1198.8,1200,1209.45,1181,1197.75,1190.8
APOLLOHOSP,29-May-19,1190.8,1191.5,1209,1173.3,1202.65,1203.3
APOLLOHOSP,30-May-19,1203.3,1211.95,1234.5,1192.5,1204.1,1203
APOLLOHOSP,31-May-19,1203,1209.6,1266.9,1209.6,1238.8,1238.8
APOLLOHOSP,3-Jun-19,1238.8,1243,1368.7,1243,1359.8,1357.3
APOLLOHOSP,4-Jun-19,1357.3,1350,1357.45,1324,1332.35,1332.3
APOLLOHOSP,6-Jun-19,1332.3,1337,1375,1327.3,1338.95,1342.15
APOLLOHOSP,7-Jun-19,1342.15,1342,1406,1330.75,1391.3,1398.2
APOLLOHOSP,10-Jun-19,1398.2,1400,1402.5,1368.25,1386.05,1379.1
APOLLOHOSP,11-Jun-19,1379.1,1385.7,1401.45,1375,1378,1379.95
APOLLOHOSP,12-Jun-19,1379.95,1380.9,1398.85,1365,1381.5,1381.75
APOLLOHOSP,13-Jun-19,1381.75,1380.5,1383.8,1355.5,1373,1374.3
APOLLOHOSP,14-Jun-19,1374.3,1371,1394.9,1366.5,1371.05,1370.6
APOLLOHOSP,17-Jun-19,1370.6,1379,1388,1356.1,1362,1361.05
APOLLOHOSP,18-Jun-19,1361.05,1361.9,1366,1338,1355,1354.7
APOLLOHOSP,19-Jun-19,1354.7,1357,1383,1341,1351,1351.75
APOLLOHOSP,20-Jun-19,1351.75,1392,1404.2,1355.3,1373.6,1374.3
APOLLOHOSP,21-Jun-19,1374.3,1373,1385.3,1343.35,1347.65,1348.25
APOLLOHOSP,24-Jun-19,1348.25,1353.9,1357.1,1330.05,1345,1344.65
APOLLOHOSP,25-Jun-19,1344.65,1345,1351.45,1309.95,1328.6,1324.85
APOLLOHOSP,26-Jun-19,1324.85,1320,1325.05,1301.05,1305.5,1307.95
APOLLOHOSP,27-Jun-19,1307.95,1310.55,1322.95,1292.6,1313.1,1312.45
APOLLOHOSP,28-Jun-19,1312.45,1324.9,1382,1319.3,1365,1359.2
APOLLOHOSP,1-Jul-19,1359.2,1363,1386.6,1356.15,1369.05,1370.7
APOLLOHOSP,2-Jul-19,1370.7,1374.4,1376.45,1350,1354.8,1356.05
APOLLOHOSP,3-Jul-19,1356.05,1356.65,1364.2,1338.75,1341.1,1341.6
APOLLOHOSP,4-Jul-19,1341.6,1335.65,1349.65,1322.2,1324.55,1325.45
APOLLOHOSP,5-Jul-19,1325.45,1327.35,1341.45,1301.95,1303.9,1306.65
APOLLOHOSP,8-Jul-19,1306.65,1296.1,1324.55,1290.55,1297.95,1303.25
APOLLOHOSP,9-Jul-19,1303.25,1303.25,1352.9,1302.75,1327.7,1328.65
APOLLOHOSP,10-Jul-19,1328.65,1327.95,1337.55,1313.05,1318.2,1318.15
APOLLOHOSP,11-Jul-19,1318.15,1318.15,1332.1,1298.5,1313.4,1315.3
APOLLOHOSP,12-Jul-19,1315.3,1320.3,1368,1317,1365,1363.25
APOLLOHOSP,15-Jul-19,1363.25,1371,1404,1367.55,1380.55,1385.7
APOLLOHOSP,16-Jul-19,1385.7,1372.15,1398.5,1360.9,1390,1390.2
APOLLOHOSP,17-Jul-19,1390.2,1388.3,1427,1370,1383.9,1383.8
APOLLOHOSP,18-Jul-19,1383.8,1380,1400,1365.1,1390,1388.05
APOLLOHOSP,19-Jul-19,1388.05,1388.15,1398.95,1367.05,1380,1373.45
APOLLOHOSP,22-Jul-19,1373.45,1373.65,1389,1351,1361.4,1364.65
APOLLOHOSP,23-Jul-19,1364.65,1368.5,1377.85,1355,1362.5,1366
APOLLOHOSP,24-Jul-19,1366,1360.1,1372.65,1317.7,1332,1335.45
APOLLOHOSP,25-Jul-19,1335.45,1335.45,1349,1314,1345.9,1343.6
APOLLOHOSP,26-Jul-19,1343.6,1344.15,1367.75,1322.9,1364.65,1363.05
APOLLOHOSP,29-Jul-19,1363.05,1363.05,1378,1335.4,1365,1365.85
APOLLOHOSP,30-Jul-19,1365.85,1364.9,1374,1329,1340.5,1333.6
APOLLOHOSP,31-Jul-19,1333.6,1327,1356.5,1319.15,1352.7,1351.6
APOLLOHOSP,1-Aug-19,1351.6,1344,1381.5,1341,1364.5,1365.55
APOLLOHOSP,2-Aug-19,1365.55,1355.1,1359.95,1275,1313.5,1310.2
APOLLOHOSP,5-Aug-19,1310.2,1303.7,1311.15,1287.25,1300.55,1301.65
APOLLOHOSP,6-Aug-19,1301.65,1290,1355.3,1290,1345.45,1340.25
APOLLOHOSP,7-Aug-19,1340.25,1340,1355,1310.05,1317,1314.65
APOLLOHOSP,8-Aug-19,1314.65,1315,1340,1306,1339,1334.4
APOLLOHOSP,9-Aug-19,1334.4,1331,1371,1331,1365,1358.8
APOLLOHOSP,13-Aug-19,1358.8,1358.8,1370.55,1311.9,1337.7,1322.5
APOLLOHOSP,14-Aug-19,1322.5,1399,1445,1345.65,1365.4,1360.2
APOLLOHOSP,16-Aug-19,1360.2,1365,1487,1362.2,1468.15,1470.6
APOLLOHOSP,19-Aug-19,1470.6,1470.6,1508.95,1461.05,1485.1,1483.95
APOLLOHOSP,20-Aug-19,1483.95,1488,1490,1463.45,1485,1475.1
APOLLOHOSP,21-Aug-19,1475.1,1471.25,1489,1457.25,1461.75,1466
APOLLOHOSP,22-Aug-19,1466,1470,1475.3,1445.3,1457,1451.1
APOLLOHOSP,23-Aug-19,1451.1,1448.05,1464.9,1425,1436.85,1440.85
APOLLOHOSP,26-Aug-19,1440.85,1444,1472.55,1422.55,1463,1461
APOLLOHOSP,27-Aug-19,1461,1461,1480,1450.2,1477,1475.55
APOLLOHOSP,28-Aug-19,1475.55,1478.7,1535,1477,1516.05,1521.4
APOLLOHOSP,29-Aug-19,1521.4,1520,1529.8,1505.1,1525,1518.35
APOLLOHOSP,30-Aug-19,1518.35,1519.8,1542.45,1496.25,1509,1508.15
APOLLOHOSP,3-Sep-19,1508.15,1496,1504.95,1488,1493,1493.45
APOLLOHOSP,4-Sep-19,1493.45,1501.9,1505,1485.05,1495.5,1496.9
APOLLOHOSP,5-Sep-19,1496.9,1495.5,1509,1487,1499,1497
APOLLOHOSP,6-Sep-19,1497,1503,1536.45,1484.8,1489.8,1500.2
APOLLOHOSP,9-Sep-19,1500.2,1500,1512.45,1473.05,1505,1494.1
APOLLOHOSP,11-Sep-19,1494.1,1500,1512.7,1474.05,1502,1497.2
APOLLOHOSP,12-Sep-19,606.6,1482.5,1482.5,1482.5,1482.5,1482.5
APOLLOHOSP,12-Sep-19,1497.2,1572,1579.7,1454,1458,1458.75
APOLLOHOSP,13-Sep-19,1458.75,1464.9,1477,1430.6,1458,1458.15
APOLLOHOSP,16-Sep-19,1458.15,1455,1461.6,1428.8,1434.5,1435.85
APOLLOHOSP,17-Sep-19,1435.85,1432,1440,1410.15,1416.4,1415.05
APOLLOHOSP,18-Sep-19,1415.05,1417,1444,1401.7,1432,1433.9
APOLLOHOSP,19-Sep-19,1433.9,1434.95,1434.95,1406.55,1412.8,1412.7
APOLLOHOSP,20-Sep-19,1412.7,1415,1475,1393,1457,1469.35
APOLLOHOSP,23-Sep-19,1469.35,1490,1519,1445,1452.05,1470.5
APOLLOHOSP,24-Sep-19,1470.5,1479.4,1488.4,1433.2,1455,1453.1
APOLLOHOSP,25-Sep-19,1453.1,1456,1457.45,1417.75,1434,1427.55
APOLLOHOSP,26-Sep-19,1427.55,1435,1444,1418.9,1432,1429.2
APOLLOHOSP,27-Sep-19,1429.2,1431.7,1433.95,1394.1,1405,1400.55
APOLLOHOSP,30-Sep-19,1400.55,1404.4,1405.85,1360.2,1397,1395.5
APOLLOHOSP,1-Oct-19,1395.5,1398,1408.95,1360.5,1367,1369.25
APOLLOHOSP,3-Oct-19,1369.25,1355.65,1383.85,1348.55,1378,1379.1
APOLLOHOSP,4-Oct-19,1379.1,1385,1422.5,1384.95,1402.75,1400.45
APOLLOHOSP,7-Oct-19,1400.45,1409.2,1430,1399,1409,1410.65
APOLLOHOSP,9-Oct-19,1410.65,1407.5,1431.85,1397.55,1423,1425.05
APOLLOHOSP,10-Oct-19,1425.05,1422,1438,1405.5,1412.25,1412.25
APOLLOHOSP,11-Oct-19,1412.25,1419.3,1454.8,1407.95,1450.05,1448.1
APOLLOHOSP,14-Oct-19,1448.1,1457.15,1477.25,1444.8,1454.95,1451.75
APOLLOHOSP,15-Oct-19,1451.75,1459.9,1489,1457,1487,1483.75
APOLLOHOSP,16-Oct-19,1483.75,1484,1494.4,1480,1487.95,1483.2
APOLLOHOSP,17-Oct-19,1483.2,1489,1493,1470.65,1485,1487.3
APOLLOHOSP,18-Oct-19,1487.3,1491,1531,1490.35,1509,1507.85
APOLLOHOSP,22-Oct-19,1507.85,1502,1540,1502,1519,1519.4
APOLLOHOSP,23-Oct-19,1519.4,1520,1530.85,1510,1516,1513.75
APOLLOHOSP,24-Oct-19,1513.75,1518.3,1540,1518.3,1539.35,1536.8
APOLLOHOSP,25-Oct-19,1536.8,1540,1543.3,1507.35,1522.5,1519.35
APOLLOHOSP,27-Oct-19,1519.35,1527,1533.25,1520,1529.95,1529.65
APOLLOHOSP,29-Oct-19,1529.65,1526.1,1527,1393,1432,1431
APOLLOHOSP,30-Oct-19,1431,1459.8,1489.25,1440,1468,1461.95
APOLLOHOSP,31-Oct-19,1461.95,1471,1499.8,1463.05,1487,1484.8
APOLLOHOSP,1-Nov-19,1484.8,1492.8,1508,1450.1,1460.95,1460
